1,1,10,15,\N,1,"2009-04-25 00:42:12"
2,2,8,14.5,\N,1,"2009-04-25 00:43:19"
3,3,6,10,\N,1,"2009-04-25 13:34:28"
4,4,20,25,\N,0,"2009-04-26 17:01:22"
5,5,9,10,\N,1,"2009-04-27 13:14:37"
6,6,9,10,\N,0,"2009-04-27 13:19:31"
7,7,9,10,\N,0,"2009-04-27 13:23:12"
8,8,9,10,\N,1,"2009-04-27 13:26:28"
9,9,9,10,\N,1,"2009-04-27 13:28:42"
10,10,4,5,\N,1,"2009-04-27 13:30:36"
11,11,9,10,\N,0,"2009-04-27 13:34:37"
12,12,4,5,\N,0,"2009-04-27 13:36:24"
13,13,2,3,\N,0,"2009-04-27 13:37:53"
14,14,9,10,\N,0,"2009-04-27 13:39:19"
15,15,9,10,\N,0,"2009-04-27 13:40:54"
16,16,9,10,\N,1,"2009-04-27 13:44:07"
17,17,4,5,\N,0,"2009-04-27 13:46:18"
18,18,6,7.5,\N,0,"2009-04-27 13:48:10"
19,19,5,6,\N,1,"2009-04-27 13:50:27"
20,20,10,12,\N,1,"2009-04-27 13:53:37"
21,21,23,25,\N,0,"2009-04-27 13:56:41"
22,22,11.5,12.5,\N,0,"2009-04-27 13:59:11"
23,23,23,24,\N,0,"2009-04-27 14:02:04"
24,24,11,12,\N,0,"2009-04-27 14:04:49"
25,25,5,6,\N,0,"2009-04-27 14:09:03"
26,26,21,23,\N,0,"2009-04-27 14:12:01"
27,27,10,11.5,\N,0,"2009-04-27 14:13:40"
28,28,25,26,\N,1,"2009-04-27 14:26:47"
29,29,12,13,\N,1,"2009-04-27 14:29:05"
30,30,23,24,\N,1,"2009-04-27 14:31:18"
31,31,11,12,\N,1,"2009-04-27 14:32:44"
32,32,25,26,\N,1,"2009-04-27 14:34:30"
33,33,7,8,\N,1,"2009-04-27 14:43:34"
34,34,9,10,\N,0,"2009-04-27 14:46:01"
35,34,9,10,\N,1,"2009-04-27 14:46:01"
36,35,9,10,\N,1,"2009-04-27 15:03:47"
37,36,9,10,\N,0,"2009-04-27 15:05:34"
38,37,9,10,\N,1,"2009-04-27 15:13:07"
39,38,9,10,\N,1,"2009-04-27 15:15:26"
40,39,9,10,\N,0,"2009-04-27 15:17:11"
41,40,9,10,\N,1,"2009-04-27 15:19:05"
42,39,9,10,\N,1,"2009-04-27 15:17:11"
43,41,9,10,\N,1,"2009-04-27 15:22:21"
44,42,6,7,\N,1,"2009-04-27 15:54:53"
45,43,13,14,\N,1,"2009-04-27 15:59:50"
46,44,13,14,\N,1,"2009-04-27 16:03:06"
47,45,13,14,\N,1,"2009-04-27 16:16:32"
48,46,13,14,\N,1,"2009-04-27 16:18:10"
49,47,10,13,\N,1,"2009-04-27 16:49:45"
50,48,11,15,\N,1,"2009-04-27 16:51:54"
51,49,13,19,\N,1,"2009-04-27 17:00:14"
52,50,13,16,\N,1,"2009-04-27 17:03:27"
53,36,9,10,\N,1,"2009-04-27 15:05:34"
54,21,23,25,\N,0,"2009-04-27 13:56:41"
55,23,23,24,\N,0,"2009-04-27 14:02:04"
56,26,21,23,\N,1,"2009-04-27 14:12:01"
57,6,9,10,\N,1,"2009-04-27 13:19:31"
58,7,9,10,\N,1,"2009-04-27 13:23:12"
59,11,9,10,\N,0,"2009-04-27 13:34:37"
60,11,9,10,\N,1,"2009-04-27 13:34:37"
61,12,4,5,\N,1,"2009-04-27 13:36:24"
62,13,2,3,\N,1,"2009-04-27 13:37:53"
63,14,9,10,\N,1,"2009-04-27 13:39:19"
64,15,9,10,\N,1,"2009-04-27 13:40:54"
65,22,11.5,12.5,\N,0,"2009-04-27 13:59:11"
66,24,11,12,\N,0,"2009-04-27 14:04:49"
67,22,11.5,12.5,\N,1,"2009-04-27 13:59:11"
68,51,9,10,\N,1,"2009-04-28 11:47:41"
69,52,9,9,\N,1,"2009-04-28 11:51:22"
70,53,37,38,\N,1,"2009-04-28 11:53:24"
71,54,21,22,\N,1,"2009-04-28 11:57:06"
72,55,14,15,\N,1,"2009-04-28 12:00:15"
73,56,17,18,\N,1,"2009-04-28 12:03:16"
74,57,10,10,\N,1,"2009-04-28 12:15:55"
75,58,16,16.5,\N,0,"2009-04-28 12:18:41"
76,59,16,16.5,\N,0,"2009-04-28 12:20:21"
77,60,22,23,\N,1,"2009-04-28 12:30:52"
78,61,22,23,\N,1,"2009-04-28 12:34:28"
79,62,22,23,\N,1,"2009-04-28 12:37:53"
80,58,16,16.5,\N,1,"2009-04-28 12:18:41"
81,59,16,16.5,\N,1,"2009-04-28 12:20:21"
82,63,6,7,\N,1,"2009-04-28 12:55:16"
83,64,9,10,\N,1,"2009-04-28 12:57:45"
84,65,16,16.5,\N,1,"2009-04-28 13:00:02"
85,66,29,30,\N,1,"2009-04-28 13:01:49"
86,67,17,17.5,\N,1,"2009-04-28 13:03:43"
87,68,18,19,\N,1,"2009-04-28 13:06:21"
88,69,18,19,\N,1,"2009-04-28 13:08:18"
89,70,12,13,\N,1,"2009-04-28 13:17:33"
90,71,12,13,\N,1,"2009-04-28 13:19:01"
91,72,12,13,\N,1,"2009-04-28 13:20:08"
92,73,12,13,\N,0,"2009-04-28 13:37:17"
93,74,12,13,\N,1,"2009-04-28 13:38:50"
94,73,12,13,\N,1,"2009-04-28 13:37:17"
95,75,14,14.5,\N,1,"2009-04-28 13:42:44"
96,76,14,14.5,\N,1,"2009-04-28 13:44:43"
97,77,14,14.5,\N,1,"2009-04-28 13:46:31"
98,78,2,2.5,\N,1,"2009-04-28 14:06:12"
99,79,14,15,\N,1,"2009-04-28 14:26:33"
100,80,14,15,\N,1,"2009-04-28 14:28:13"
101,81,14,15,\N,1,"2009-04-28 14:32:42"
102,82,17,18.5,\N,1,"2009-04-28 14:34:46"
103,83,21,22,\N,1,"2009-04-28 14:36:51"
104,84,10,11,\N,1,"2009-04-28 14:38:00"
105,85,5,5.5,\N,1,"2009-04-28 14:39:34"
106,86,23,23.5,\N,1,"2009-04-28 14:41:29"
107,87,11,12,\N,1,"2009-04-28 14:42:40"
108,88,27,28,\N,1,"2009-04-28 14:44:21"
109,89,12,12.5,\N,1,"2009-04-28 14:45:52"
110,90,27,28,\N,1,"2009-04-28 14:47:44"
111,91,13,13.5,\N,1,"2009-04-28 14:51:57"
112,92,5,5.5,\N,1,"2009-04-28 14:57:14"
113,93,27,28,\N,1,"2009-04-28 14:59:03"
114,94,14,14.5,\N,1,"2009-04-28 15:00:36"
115,95,31,32,\N,1,"2009-04-28 15:15:52"
116,96,8,8.5,\N,1,"2009-04-28 15:18:41"
117,97,8,8.5,\N,1,"2009-04-28 15:22:04"
118,98,8,8.5,\N,1,"2009-04-28 15:23:45"
119,99,8,8.5,\N,1,"2009-04-28 15:31:16"
120,100,9,10,\N,1,"2009-04-28 15:34:44"
121,101,15,16,\N,1,"2009-04-28 15:39:00"
122,102,15,15.5,\N,1,"2009-04-28 15:43:16"
123,103,13,14,\N,1,"2009-04-28 15:46:09"
124,104,13,13,\N,1,"2009-04-28 15:49:35"
125,105,14,15,\N,1,"2009-04-28 15:51:42"
126,106,7,8,\N,1,"2009-04-28 16:23:34"
127,107,7,8,\N,1,"2009-04-28 16:24:53"
128,108,21,22,\N,0,"2009-04-28 16:26:41"
129,108,21,22,\N,1,"2009-04-28 16:26:41"
130,109,26,27,\N,1,"2009-04-28 16:29:42"
131,110,17,17.5,\N,1,"2009-04-28 16:34:30"
132,111,5,6,\N,1,"2009-04-28 16:37:07"
133,112,10,11,\N,1,"2009-04-28 16:41:38"
134,113,12,13,\N,1,"2009-04-28 16:45:25"
135,114,34,35,\N,1,"2009-04-28 16:49:50"
136,115,23,24,\N,1,"2009-04-28 16:52:57"
137,116,13,13.5,\N,1,"2009-04-28 17:10:52"
138,117,6,7,\N,1,"2009-04-28 17:13:23"
139,118,5,6,\N,1,"2009-04-28 17:16:56"
140,119,17,18,\N,1,"2009-04-28 17:23:40"
141,120,8,8.5,\N,1,"2009-04-28 17:28:12"
142,121,17,17.5,\N,1,"2009-04-28 17:31:30"
143,122,21,22,\N,1,"2009-04-28 17:33:48"
144,123,24,25,\N,1,"2009-04-28 17:36:43"
145,124,12,13,\N,1,"2009-04-28 17:39:11"
146,125,11,12,\N,1,"2009-04-28 17:40:38"
147,126,11,12,\N,1,"2009-04-28 17:42:24"
148,127,11,12,\N,1,"2009-04-28 17:43:57"
149,128,11,12,\N,1,"2009-04-28 17:45:13"
150,129,11,12,\N,1,"2009-04-28 17:47:04"
151,130,11,12,\N,1,"2009-04-28 17:49:24"
152,131,9,10,\N,0,"2009-04-29 13:33:34"
153,132,5,6,\N,0,"2009-04-29 13:48:24"
154,133,19,20,\N,1,"2009-04-29 14:00:21"
155,134,22,22.5,\N,1,"2009-04-29 14:14:50"
156,135,19,19.5,\N,1,"2009-04-29 14:16:58"
157,136,10,11,\N,1,"2009-04-29 14:21:38"
158,137,21,22,\N,1,"2009-04-29 14:23:40"
159,138,47,48,\N,1,"2009-04-29 15:44:51"
160,139,53,53.5,\N,1,"2009-04-29 15:50:18"
161,140,123,124,\N,1,"2009-04-29 15:55:09"
162,141,99,100,\N,1,"2009-04-29 15:57:58"
163,142,75,76,\N,1,"2009-04-29 16:03:00"
164,143,86,87,\N,1,"2009-04-29 16:16:38"
165,144,19,19.5,\N,1,"2009-04-29 16:18:57"
166,145,3,3.5,\N,1,"2009-04-29 16:23:52"
167,146,11,12,\N,1,"2009-04-29 16:33:38"
168,147,19,19.5,\N,1,"2009-04-29 17:09:12"
169,148,11,12,\N,1,"2009-04-29 17:11:35"
170,149,11,12,\N,1,"2009-04-29 18:07:08"
171,150,19,20,\N,0,"2009-04-29 18:10:48"
172,150,20,21,\N,1,"2009-04-29 18:10:48"
173,151,6,6.5,\N,1,"2009-04-29 18:38:40"
174,152,8,8.5,\N,1,"2009-04-29 18:41:40"
175,153,15,16,\N,1,"2009-04-29 18:43:37"
176,154,30,31,\N,1,"2009-04-29 18:46:11"
177,155,24,25,\N,1,"2009-04-29 18:48:22"
178,156,13,14,\N,1,"2009-04-29 19:05:03"
179,157,11,12,\N,1,"2009-04-29 19:09:50"
180,158,5,6,\N,1,"2009-04-29 19:12:17"
181,159,11,12,\N,1,"2009-04-29 19:20:20"
182,160,11,12,\N,1,"2009-04-29 19:24:35"
183,161,9,10,\N,0,"2009-04-29 19:33:22"
184,162,34,34.5,\N,1,"2009-04-29 19:35:57"
185,163,16,16.5,\N,0,"2009-04-29 19:48:28"
186,164,12,13,\N,0,"2009-04-29 19:50:50"
187,165,9,10,\N,0,"2009-04-29 19:53:00"
188,166,9,10,\N,0,"2009-04-29 19:55:17"
189,167,12,13,\N,0,"2009-04-29 19:56:28"
190,168,12,13,\N,0,"2009-04-29 19:57:57"
191,161,9,10,\N,0,"2009-04-29 19:33:22"
192,163,16,16.5,\N,0,"2009-04-29 19:48:28"
193,165,9,10,\N,0,"2009-04-29 19:53:00"
194,166,9,10,\N,0,"2009-04-29 19:55:17"
195,167,12,13,\N,0,"2009-04-29 19:56:28"
196,167,12,13,\N,0,"2009-04-29 19:56:28"
197,169,16,16.5,\N,1,"2009-04-30 15:50:05"
198,170,13,13.5,\N,1,"2009-04-30 15:51:49"
199,171,40,40.5,\N,1,"2009-04-30 16:08:33"
200,172,36,36.5,\N,1,"2009-04-30 16:11:02"
201,173,42,43,\N,0,"2009-04-30 16:13:11"
202,173,42,43,\N,1,"2009-04-30 16:13:11"
203,174,10,10.5,\N,1,"2009-04-30 16:39:01"
204,175,10,10.5,\N,1,"2009-04-30 16:40:20"
205,176,12,13,\N,1,"2009-04-30 16:45:05"
206,177,17,18,\N,0,"2009-05-01 12:07:08"
207,178,17,18,\N,0,"2009-05-01 12:09:21"
208,179,17,18,\N,0,"2009-05-01 12:11:02"
209,180,17,18,\N,0,"2009-05-01 12:15:05"
210,181,18,19,\N,0,"2009-05-01 12:21:03"
211,182,17,18,\N,0,"2009-05-01 12:22:04"
212,183,16,16.5,\N,0,"2009-05-01 12:23:35"
213,184,20,21,\N,1,"2009-05-01 12:30:28"
214,185,11,12,\N,1,"2009-05-01 12:38:53"
215,186,10,10,\N,1,"2009-05-01 12:48:34"
216,187,7,7,\N,0,"2009-05-01 12:50:00"
217,187,7,7.5,\N,1,"2009-05-01 12:50:00"
218,188,5,6,\N,1,"2009-05-01 12:53:40"
219,189,10,10.5,\N,1,"2009-05-01 12:56:33"
220,190,6,6.5,\N,1,"2009-05-01 12:57:29"
221,191,9,10,\N,1,"2009-05-01 12:58:45"
222,192,4,5,\N,1,"2009-05-01 12:59:55"
223,193,22,23,\N,1,"2009-05-01 13:03:04"
224,194,24,24,\N,1,"2009-05-01 13:07:49"
225,195,26,27,\N,1,"2009-05-01 13:09:19"
226,196,25,26,\N,1,"2009-05-01 13:11:35"
227,197,12,13,\N,1,"2009-05-01 13:17:52"
228,198,23,24,\N,1,"2009-05-01 13:18:52"
229,199,35,36,\N,0,"2009-05-01 13:24:45"
230,200,21,22,\N,0,"2009-05-01 13:28:03"
231,201,32,33,\N,0,"2009-05-01 13:40:17"
232,202,17,18,\N,0,"2009-05-01 13:42:23"
233,203,54,55,\N,0,"2009-05-01 13:44:25"
234,204,12,13,\N,1,"2009-05-01 14:35:46"
235,205,11,12,\N,1,"2009-05-01 14:38:31"
236,206,14,15,\N,1,"2009-05-01 14:40:02"
237,207,6,7,\N,1,"2009-05-01 14:41:34"
238,208,5,6,\N,1,"2009-05-01 14:52:15"
239,209,5,6,\N,0,"2009-05-01 14:57:23"
240,210,5,6,\N,0,"2009-05-01 15:01:06"
241,211,5,6,\N,1,"2009-05-01 15:02:28"
242,212,5,6,\N,1,"2009-05-01 15:04:01"
243,213,5,6,\N,1,"2009-05-01 15:05:32"
244,214,5,6,\N,1,"2009-05-01 15:07:06"
245,209,5,6,\N,1,"2009-05-01 14:57:23"
246,210,5,6,\N,1,"2009-05-01 15:01:06"
247,215,5,6,\N,1,"2009-05-01 15:12:08"
248,216,5,6,\N,1,"2009-05-01 15:13:48"
249,217,21,22,\N,0,"2009-05-01 15:25:31"
250,218,10,11,\N,1,"2009-05-01 15:28:00"
251,217,21,22,\N,1,"2009-05-01 15:25:31"
252,219,7,7.5,\N,1,"2009-05-01 15:31:36"
253,220,13,14,\N,1,"2009-05-01 15:41:48"
254,221,17,18,\N,1,"2009-05-01 15:44:05"
255,222,11,11.5,\N,1,"2009-05-01 15:59:41"
256,223,13,13.5,\N,1,"2009-05-01 16:01:36"
257,224,16,17,\N,1,"2009-05-01 16:16:07"
258,225,17,17.5,\N,1,"2009-05-01 16:20:42"
259,226,17,17.5,\N,1,"2009-05-01 16:21:49"
260,227,13,13,\N,1,"2009-05-01 16:22:51"
261,228,16,17,\N,1,"2009-05-01 16:23:55"
262,229,6,7,\N,0,"2009-05-01 16:26:49"
263,230,9,10,\N,1,"2009-05-01 16:27:47"
264,229,6,8,\N,1,"2009-05-01 16:26:49"
265,231,17,17.5,\N,1,"2009-05-01 17:29:32"
266,232,17,17.5,\N,1,"2009-05-01 17:31:28"
267,233,12,13,\N,1,"2009-05-01 17:32:54"
268,234,12,13,\N,1,"2009-05-01 17:34:24"
269,235,6,6.5,\N,1,"2009-05-01 17:37:32"
270,236,6,6,\N,1,"2009-05-01 17:38:43"
271,237,9,10,\N,1,"2009-05-01 18:18:02"
272,238,5,6,\N,1,"2009-05-01 18:21:14"
273,239,8,8.5,\N,1,"2009-05-01 18:22:33"
274,4,27,28,\N,0,"2009-04-26 17:01:22"
275,240,21,22,\N,0,"2009-05-01 18:32:14"
276,241,24,25,\N,0,"2009-05-02 10:51:38"
277,242,21,22,\N,0,"2009-05-02 10:53:13"
278,243,27,28,\N,0,"2009-05-02 10:57:08"
279,243,27,28,\N,0,"2009-05-02 10:57:08"
280,244,27,28,\N,0,"2009-05-02 11:14:25"
281,245,27,28,\N,0,"2009-05-02 11:21:09"
282,246,27,28,\N,0,"2009-05-02 11:23:27"
283,245,27,28,\N,0,"2009-05-02 11:21:09"
284,247,27,28,\N,0,"2009-05-02 11:27:09"
285,248,19,20,\N,0,"2009-05-02 12:24:10"
286,249,16,17,\N,0,"2009-05-02 12:34:25"
287,250,13,14,\N,0,"2009-05-02 12:43:41"
288,251,14,15,\N,1,"2009-05-02 12:44:52"
289,252,27,28,\N,0,"2009-05-02 12:48:33"
290,253,3,4,\N,1,"2009-05-02 14:14:28"
291,254,6,6.5,\N,1,"2009-05-02 14:22:32"
292,255,7,8,\N,1,"2009-05-02 14:26:59"
293,256,6,7,\N,1,"2009-05-02 14:53:33"
294,257,6,7,\N,1,"2009-05-02 14:55:20"
295,258,5,6,\N,1,"2009-05-02 14:57:22"
296,259,12,13,\N,1,"2009-05-02 14:59:07"
297,260,12,13,\N,0,"2009-05-02 15:02:17"
298,243,27,28,\N,1,"2009-05-02 10:57:08"
299,260,12,13,\N,1,"2009-05-02 15:02:17"
300,261,22,22.5,\N,1,"2009-05-02 15:08:02"
301,262,17,17.5,\N,1,"2009-05-02 15:11:48"
302,263,15,16,\N,1,"2009-05-02 15:13:09"
303,264,12,13,\N,1,"2009-05-02 15:15:33"
304,265,11,12,\N,1,"2009-05-02 15:17:01"
305,266,10,10,\N,1,"2009-05-02 15:17:59"
306,267,10,10,\N,1,"2009-05-02 15:20:39"
307,268,4,4.5,\N,1,"2009-05-02 15:23:04"
308,269,9,10,\N,0,"2009-05-02 16:19:19"
309,270,4,5,\N,1,"2009-05-02 16:20:46"
310,269,9,10,\N,1,"2009-05-02 16:19:19"
311,271,4,5,\N,1,"2009-05-02 16:25:15"
312,272,30,30,\N,1,"2009-05-02 16:33:12"
313,273,24,25,\N,0,"2009-05-02 16:36:48"
314,274,26,27,\N,0,"2009-05-02 16:39:15"
315,275,34,35,\N,0,"2009-05-02 16:40:49"
316,276,9,10,\N,1,"2009-05-02 16:46:42"
317,277,9,10,\N,1,"2009-05-02 16:47:50"
318,278,9,10,\N,1,"2009-05-02 16:52:12"
319,279,5,6,\N,1,"2009-05-02 16:58:34"
320,274,26,27,\N,1,"2009-05-02 16:39:15"
321,273,24,25,\N,1,"2009-05-02 16:36:48"
322,275,34,35,\N,1,"2009-05-02 16:40:49"
323,280,9,10,\N,1,"2009-05-02 17:06:49"
324,281,2,2.5,\N,1,"2009-05-02 17:08:17"
325,282,14,15,\N,1,"2009-05-02 17:10:32"
326,199,35,36,\N,1,"2009-05-01 13:24:45"
327,200,21,22,\N,1,"2009-05-01 13:28:03"
328,201,32,33,\N,1,"2009-05-01 13:40:17"
329,202,17,18,\N,1,"2009-05-01 13:42:23"
330,203,54,55,\N,1,"2009-05-01 13:44:25"
331,283,3.5,4,\N,1,"2009-05-02 17:22:03"
332,284,4,4.5,\N,1,"2009-05-02 17:23:51"
333,285,4,4.5,\N,1,"2009-05-02 17:25:16"
334,286,2.5,3,\N,1,"2009-05-02 17:29:47"
335,287,2.5,3,\N,1,"2009-05-02 17:32:38"
336,288,2.5,3,\N,1,"2009-05-02 17:34:14"
337,289,2.5,3,\N,1,"2009-05-02 17:38:41"
338,290,3,3.5,\N,1,"2009-05-02 17:40:43"
339,291,4,5,\N,0,"2009-05-02 17:53:21"
340,292,4,4.5,\N,1,"2009-05-02 17:55:00"
341,293,4,4.5,\N,1,"2009-05-02 17:55:50"
342,294,4,4.5,\N,1,"2009-05-02 17:56:44"
343,295,4,4.5,\N,1,"2009-05-02 17:57:31"
344,296,4,4.5,\N,1,"2009-05-02 17:58:52"
345,297,4,4.5,\N,1,"2009-05-02 17:59:55"
346,298,4,4.5,\N,1,"2009-05-02 18:01:00"
347,291,4,5,\N,1,"2009-05-02 17:53:21"
348,299,4,4.5,\N,1,"2009-05-04 16:01:23"
349,300,4,4.5,\N,1,"2009-05-04 16:04:13"
350,301,4,4.5,\N,1,"2009-05-04 16:22:04"
351,302,4,4.5,\N,1,"2009-05-04 16:22:56"
352,303,4,4.5,\N,1,"2009-05-04 16:23:57"
353,304,4,4.5,\N,1,"2009-05-04 16:24:54"
354,305,4,4.5,\N,1,"2009-05-04 16:25:55"
355,306,4,4.5,\N,1,"2009-05-04 16:27:00"
356,307,4,4.5,\N,1,"2009-05-04 16:30:12"
357,308,4,5,\N,1,"2009-05-04 16:33:27"
358,309,37,38,\N,1,"2009-05-04 16:39:59"
359,310,14,15,\N,1,"2009-05-04 17:02:49"
360,161,9,10,\N,1,"2009-04-29 19:33:22"
361,163,16,16.5,\N,0,"2009-04-29 19:48:28"
362,164,12,13,\N,0,"2009-04-29 19:50:50"
363,165,9,10,\N,0,"2009-04-29 19:53:00"
364,166,9,10,\N,0,"2009-04-29 19:55:17"
365,167,12,13,\N,0,"2009-04-29 19:56:28"
366,168,12,13,\N,0,"2009-04-29 19:57:57"
367,131,9,10,\N,0,"2009-04-29 13:33:34"
368,177,17,18,\N,1,"2009-05-01 12:07:08"
369,132,5,6,\N,1,"2009-04-29 13:48:24"
370,178,17,18,\N,1,"2009-05-01 12:09:21"
371,179,17,18,\N,1,"2009-05-01 12:11:02"
372,180,17,18,\N,1,"2009-05-01 12:15:05"
373,181,18,19,\N,1,"2009-05-01 12:21:03"
374,182,17,18,\N,1,"2009-05-01 12:22:04"
375,183,16,16.5,\N,1,"2009-05-01 12:23:35"
376,311,15,16,\N,1,"2009-05-04 17:28:21"
377,312,23,24,\N,0,"2009-05-04 17:29:52"
378,313,13,14,\N,1,"2009-05-04 17:34:54"
379,312,23,24,\N,1,"2009-05-04 17:29:52"
380,314,18,19,\N,1,"2009-05-04 17:39:29"
381,315,7,8,\N,1,"2009-05-04 17:46:30"
382,316,8,8.5,\N,1,"2009-05-04 17:50:07"
383,317,16,17,\N,1,"2009-05-04 18:00:28"
384,27,10,11.5,\N,0,"2009-04-27 14:13:40"
385,27,10,11.5,\N,0,"2009-04-27 14:13:40"
386,318,13,14,\N,1,"2009-05-04 18:22:59"
387,319,32,32.5,\N,1,"2009-05-04 18:36:59"
388,320,5,6,\N,1,"2009-05-04 18:44:34"
389,321,14,15,\N,1,"2009-05-04 18:45:39"
390,322,26,26.5,\N,1,"2009-05-04 18:52:03"
391,323,14,14.5,\N,1,"2009-05-04 18:53:16"
392,324,7,7.5,\N,1,"2009-05-04 18:53:58"
393,325,13,14,\N,1,"2009-05-04 18:55:23"
394,326,19,20,\N,1,"2009-05-04 19:00:57"
395,327,14,15,\N,1,"2009-05-04 19:04:34"
396,328,6,7,\N,1,"2009-05-04 19:06:27"
397,329,4,5,\N,1,"2009-05-05 14:00:19"
398,330,4,5,\N,1,"2009-05-05 16:19:10"
399,331,4,5,\N,1,"2009-05-05 16:20:03"
400,332,4,5,\N,1,"2009-05-05 16:23:15"
401,333,4,5,\N,1,"2009-05-05 16:25:14"
402,334,4,5,\N,1,"2009-05-05 16:27:07"
403,335,4,5,\N,1,"2009-05-05 16:29:36"
404,336,4,5,\N,1,"2009-05-05 16:37:29"
405,337,4,5,\N,0,"2009-05-05 16:41:58"
406,338,9,10,\N,1,"2009-05-05 16:43:05"
407,339,4,5,\N,1,"2009-05-05 18:00:14"
408,340,8,9,\N,1,"2009-05-05 18:03:02"
409,341,6,6.5,\N,1,"2009-05-05 18:09:03"
410,342,6,6.5,\N,1,"2009-05-05 18:10:03"
411,343,6,6.5,\N,1,"2009-05-05 18:11:01"
412,344,6,6.5,\N,1,"2009-05-05 18:12:16"
413,345,6,6.5,\N,1,"2009-05-05 18:13:26"
414,346,6,6.5,\N,1,"2009-05-05 18:14:28"
415,347,6,6.5,\N,1,"2009-05-05 18:16:42"
416,348,4,5,\N,1,"2009-05-06 12:59:11"
417,349,6,6.5,\N,1,"2009-05-06 13:10:21"
418,350,6,6.5,\N,1,"2009-05-06 13:12:46"
419,351,6,6.5,\N,1,"2009-05-06 13:14:45"
420,352,6,6.5,\N,1,"2009-05-06 13:19:28"
421,353,6,6.5,\N,1,"2009-05-06 13:20:59"
422,354,6,6.5,\N,1,"2009-05-06 13:25:35"
423,355,6,6.5,\N,1,"2009-05-06 13:27:49"
424,356,6,6.5,\N,1,"2009-05-06 13:29:00"
425,357,6,6.5,\N,1,"2009-05-06 13:29:59"
426,358,6,6.5,\N,1,"2009-05-06 13:31:15"
427,359,4,5,\N,0,"2009-05-06 13:40:50"
428,360,4,5,\N,1,"2009-05-06 13:44:03"
429,361,4,5,\N,1,"2009-05-06 13:45:21"
430,362,4,5,\N,0,"2009-05-06 13:49:03"
431,359,4,5,\N,1,"2009-05-06 13:40:50"
432,362,4,5,\N,1,"2009-05-06 13:49:03"
433,363,5,6,\N,1,"2009-05-06 13:55:19"
434,364,5,6,\N,1,"2009-05-06 13:57:32"
435,365,5,6,\N,1,"2009-05-06 13:59:29"
436,366,5,6,\N,1,"2009-05-06 14:18:31"
437,367,5,6,\N,1,"2009-05-06 15:38:09"
438,368,5,0,\N,1,"2009-05-06 15:45:14"
439,369,5,6,\N,1,"2009-05-06 15:46:48"
440,370,4,5,\N,1,"2009-05-06 15:55:41"
441,371,4,5,\N,1,"2009-05-06 16:16:49"
442,372,4,5,\N,1,"2009-05-06 16:18:39"
443,373,11,12,\N,1,"2009-05-06 17:28:01"
444,374,11,12,\N,1,"2009-05-06 17:30:40"
445,375,11,12,\N,1,"2009-05-06 17:31:45"
446,376,1,2,\N,1,"2009-05-06 17:39:16"
447,377,4,5,\N,1,"2009-05-06 17:54:49"
448,378,4,5,\N,1,"2009-05-06 17:56:39"
449,379,11,12,\N,1,"2009-05-06 18:06:48"
450,380,11,12,\N,1,"2009-05-06 18:08:28"
451,381,11,12,\N,1,"2009-05-06 18:13:26"
452,382,5,6,\N,1,"2009-05-06 18:14:43"
453,383,5,6,\N,1,"2009-05-06 18:15:47"
454,384,11,12,\N,1,"2009-05-06 18:35:28"
455,21,23,25,\N,1,"2009-04-27 13:56:41"
456,23,23,24,\N,0,"2009-04-27 14:02:04"
457,17,4,5,\N,1,"2009-04-27 13:46:18"
458,18,6,7.5,\N,1,"2009-04-27 13:48:10"
459,24,11,12,\N,1,"2009-04-27 14:04:49"
460,25,5,6,\N,1,"2009-04-27 14:09:03"
461,27,10,11.5,\N,1,"2009-04-27 14:13:40"
462,4,27,28,\N,1,"2009-04-26 17:01:22"
463,240,21,22,\N,1,"2009-05-01 18:32:14"
464,241,24,25,\N,1,"2009-05-02 10:51:38"
465,242,21,22,\N,1,"2009-05-02 10:53:13"
466,244,27,28,\N,1,"2009-05-02 11:14:25"
467,245,27,28,\N,1,"2009-05-02 11:21:09"
468,246,27,28,\N,1,"2009-05-02 11:23:27"
469,247,27,28,\N,1,"2009-05-02 11:27:09"
470,248,19,20,\N,1,"2009-05-02 12:24:10"
471,249,16,17,\N,1,"2009-05-02 12:34:25"
472,250,13,14,\N,1,"2009-05-02 12:43:41"
473,252,27,28,\N,1,"2009-05-02 12:48:33"
474,23,23,24,\N,1,"2009-04-27 14:02:04"
475,385,5,6,\N,0,"2009-05-07 12:11:53"
476,386,4,5,\N,1,"2009-05-07 12:13:06"
477,387,5,6,\N,1,"2009-05-07 12:14:48"
478,385,5,6,\N,1,"2009-05-07 12:11:53"
479,388,6,7,\N,1,"2009-05-07 12:52:10"
480,389,6,7,\N,1,"2009-05-07 12:54:50"
481,390,7,8,\N,0,"2009-05-07 12:57:50"
482,391,7,8,\N,1,"2009-05-07 13:03:42"
483,390,7,8,\N,1,"2009-05-07 12:57:50"
484,392,7,8,\N,1,"2009-05-07 13:21:06"
485,393,7,8,\N,1,"2009-05-07 14:36:26"
486,394,3,4.5,\N,1,"2009-05-07 14:49:49"
487,395,4,5,\N,1,"2009-05-07 14:55:28"
488,396,5,6,\N,0,"2009-05-07 14:57:05"
489,397,4,5,\N,1,"2009-05-07 14:58:02"
490,396,5,5,\N,1,"2009-05-07 14:57:05"
491,398,5,6,\N,1,"2009-05-07 15:25:53"
492,399,5,6,\N,1,"2009-05-07 15:37:51"
493,400,4,4,\N,1,"2009-05-07 15:40:26"
494,401,4,5,\N,1,"2009-05-07 15:47:08"
495,402,6,7,\N,1,"2009-05-07 15:50:40"
496,403,4,5,\N,1,"2009-05-07 15:54:55"
497,404,4,5,\N,1,"2009-05-07 15:59:55"
498,405,4,5,\N,1,"2009-05-07 16:00:44"
499,406,4,5,\N,1,"2009-05-07 16:01:44"
500,407,4,5,\N,1,"2009-05-07 16:02:59"
501,408,4,5,\N,1,"2009-05-07 16:04:38"
502,409,4,5,\N,1,"2009-05-07 16:07:21"
503,410,4,5,\N,1,"2009-05-07 16:08:10"
504,411,6,7,\N,1,"2009-05-07 16:09:29"
505,412,3,4,\N,1,"2009-05-07 16:10:41"
506,413,3,4,\N,1,"2009-05-07 17:10:57"
507,414,3,4,\N,1,"2009-05-07 17:12:17"
508,415,3,4,\N,1,"2009-05-07 17:13:41"
509,416,5.2,6.5,\N,0,"2009-05-07 17:16:26"
510,417,5.2,6.5,\N,0,"2009-05-07 17:18:23"
511,416,5.2,6.5,\N,0,"2009-05-07 17:16:26"
512,416,5.2,6.5,\N,0,"2009-05-07 17:16:26"
513,418,5.6,7,\N,0,"2009-05-07 17:22:15"
514,419,5.6,7,\N,0,"2009-05-07 17:23:56"
515,420,5.2,6.5,\N,1,"2009-05-07 17:25:18"
516,418,5.6,7,\N,1,"2009-05-07 17:22:15"
517,419,5.6,7,\N,1,"2009-05-07 17:23:56"
518,416,5.2,6.5,\N,1,"2009-05-07 17:16:26"
519,417,5.2,6.5,\N,1,"2009-05-07 17:18:23"
520,421,4.8,6,\N,1,"2009-05-07 17:34:17"
521,422,4.8,6,\N,1,"2009-05-07 17:35:30"
522,423,4.8,6,\N,1,"2009-05-07 17:37:00"
523,424,4.8,6,\N,1,"2009-05-07 17:38:02"
524,425,4.8,6,\N,1,"2009-05-07 17:39:00"
525,426,9,10,\N,1,"2009-05-07 17:42:36"
526,427,9,10,\N,1,"2009-05-07 17:45:13"
527,428,9,10,\N,1,"2009-05-07 17:46:23"
528,429,3,4,\N,1,"2009-05-07 17:51:28"
529,430,22,23,\N,1,"2009-05-07 18:03:30"
530,431,6,6.5,\N,1,"2009-05-07 18:09:46"
531,432,6,6.5,\N,1,"2009-05-07 18:11:42"
532,433,6,6.5,\N,1,"2009-05-07 18:13:37"
533,434,12,12.5,\N,1,"2009-05-07 18:15:54"
534,435,15,16,\N,1,"2009-05-07 18:20:16"
535,436,14,15,\N,1,"2009-05-07 18:21:31"
536,437,7,8,\N,1,"2009-05-07 18:22:25"
537,438,7,7.5,\N,1,"2009-05-07 18:23:16"
538,439,10.7,11.5,\N,1,"2009-05-07 18:31:13"
539,440,5.6,7,\N,1,"2009-05-07 18:33:22"
540,441,5.6,7,\N,1,"2009-05-07 18:34:30"
541,442,5.6,7,\N,1,"2009-05-07 18:35:37"
542,443,5.6,7,\N,1,"2009-05-07 18:36:32"
543,444,22,25,\N,0,"2009-05-07 18:42:05"
544,445,19,20,\N,1,"2009-05-07 18:45:42"
545,446,19,20,\N,1,"2009-05-07 18:46:45"
546,447,19,20,\N,1,"2009-05-07 18:48:07"
547,448,23,25,\N,1,"2009-05-07 18:49:33"
548,449,35.5,44.5,\N,1,"2009-05-07 18:52:49"
549,450,12,15,\N,1,"2009-05-08 13:19:42"
550,451,9.6,12,\N,1,"2009-05-08 13:21:49"
551,452,9,10,\N,1,"2009-05-08 16:47:49"
552,453,9,10,\N,1,"2009-05-08 16:48:59"
553,454,23,25,\N,1,"2009-05-08 16:50:27"
554,455,19,20,\N,1,"2009-05-08 17:02:16"
555,456,24,25,\N,1,"2009-05-08 17:05:37"
556,457,24,25,\N,1,"2009-05-08 17:06:37"
557,444,22,25,\N,1,"2009-05-07 18:42:05"
558,458,10,11,\N,1,"2009-05-08 18:05:30"
559,459,19,20,\N,1,"2009-05-08 18:09:06"
560,460,7.5,8.5,\N,1,"2009-05-08 18:10:13"
561,461,10,11,\N,1,"2009-05-08 18:12:18"
562,462,9,10,\N,1,"2009-05-08 18:18:57"
563,463,21,22,\N,1,"2009-05-08 18:21:25"
564,464,21,22,\N,1,"2009-05-08 18:22:18"
565,465,17.6,22,\N,1,"2009-05-08 18:30:58"
566,466,19,20,\N,1,"2009-05-08 18:32:07"
567,467,19,20,\N,1,"2009-05-08 18:33:04"
568,468,19,20,\N,1,"2009-05-08 18:34:13"
569,469,19,20,\N,1,"2009-05-08 18:35:21"
570,470,7,7.5,\N,1,"2009-05-08 18:43:14"
571,471,7,7.5,\N,1,"2009-05-08 18:44:49"
572,472,7,7.5,\N,1,"2009-05-08 18:45:35"
573,473,6,7,\N,1,"2009-05-08 18:47:33"
574,474,4,5,\N,1,"2009-05-08 18:48:44"
575,475,4,5,\N,1,"2009-05-08 18:50:04"
576,476,4,5,\N,1,"2009-05-08 18:50:51"
577,477,4,5,\N,1,"2009-05-08 18:52:39"
578,478,4,4.5,\N,1,"2009-05-08 18:53:24"
579,479,10,11,\N,1,"2009-05-08 18:55:44"
580,480,3,4,\N,1,"2009-05-08 18:58:38"
581,481,3,5,\N,1,"2009-05-08 19:00:04"
582,482,4,5,\N,1,"2009-05-08 19:00:45"
583,483,9,10,\N,1,"2009-05-08 19:01:28"
584,484,14,15,\N,1,"2009-05-08 19:02:19"
585,485,9,10,\N,1,"2009-05-08 19:04:05"
586,486,13,14,\N,1,"2009-05-08 19:05:25"
587,487,14,15,\N,1,"2009-05-08 19:12:30"
588,488,9,10,\N,1,"2009-05-09 12:14:32"
589,489,9,10,\N,1,"2009-05-09 12:16:55"
590,490,9,10,\N,1,"2009-05-09 12:18:05"
591,491,9,10,\N,0,"2009-05-09 12:19:03"
592,491,9,10,\N,1,"2009-05-09 12:19:03"
593,492,9,10,\N,1,"2009-05-09 12:22:19"
594,493,9,10,\N,1,"2009-05-09 12:24:02"
595,494,6,7,\N,1,"2009-05-09 12:28:48"
596,495,6,7,\N,1,"2009-05-09 12:31:06"
597,496,6,7,\N,1,"2009-05-09 12:33:13"
598,497,6,7,\N,1,"2009-05-09 12:35:27"
599,498,6,7,\N,1,"2009-05-09 12:36:46"
600,499,6,7,\N,1,"2009-05-09 12:38:34"
601,500,6,7,\N,1,"2009-05-09 13:02:58"
602,501,6,7,\N,1,"2009-05-09 13:10:16"
603,502,6,7,\N,1,"2009-05-09 13:13:21"
604,503,7,7.5,\N,1,"2009-05-09 13:14:16"
605,504,9,10,\N,1,"2009-05-09 13:15:13"
606,505,9,10,\N,1,"2009-05-09 13:17:02"
607,506,9,10,\N,1,"2009-05-09 13:17:46"
608,507,10,11,\N,1,"2009-05-09 13:18:31"
609,508,9,10,\N,1,"2009-05-09 13:19:11"
610,509,14,15,\N,1,"2009-05-09 15:02:45"
611,510,14,15,\N,1,"2009-05-09 15:03:28"
612,511,14,15,\N,1,"2009-05-09 15:04:26"
613,512,14,15,\N,1,"2009-05-09 15:05:29"
614,513,15,16,\N,1,"2009-05-09 15:11:06"
615,514,9,10,\N,1,"2009-05-09 15:12:52"
616,515,15,16,\N,1,"2009-05-09 15:13:56"
617,516,11,12,\N,1,"2009-05-09 15:15:23"
618,517,7,7.5,\N,1,"2009-05-09 15:27:20"
619,518,4,4,\N,1,"2009-05-09 15:28:34"
620,519,4,5,\N,1,"2009-05-09 15:30:02"
621,520,4,5,\N,1,"2009-05-09 15:31:03"
622,521,4,5,\N,1,"2009-05-09 15:31:41"
623,522,4,5,\N,1,"2009-05-09 15:33:05"
624,523,6,7,\N,1,"2009-05-09 15:39:36"
625,524,6,7,\N,0,"2009-05-09 15:41:43"
626,524,6,6,\N,1,"2009-05-09 15:41:43"
627,525,14,15,\N,0,"2009-05-09 15:44:37"
628,525,14,15,\N,1,"2009-05-09 15:44:37"
629,526,14,15,\N,1,"2009-05-09 15:48:04"
630,527,4,5,\N,1,"2009-05-09 15:59:46"
631,528,4,5,\N,1,"2009-05-09 16:00:38"
632,529,7,8,\N,0,"2009-05-09 16:01:40"
633,530,7,8,\N,0,"2009-05-09 16:03:14"
634,531,7,8,\N,0,"2009-05-09 16:06:35"
635,532,5,6,\N,1,"2009-05-09 16:10:35"
636,533,3,3.5,\N,1,"2009-05-09 16:13:15"
637,534,3,3.5,\N,1,"2009-05-09 16:20:33"
638,535,3,3.5,\N,1,"2009-05-09 16:39:22"
639,536,3,3.5,\N,1,"2009-05-09 16:41:35"
640,537,19,20,\N,1,"2009-05-09 16:47:54"
641,538,5,6,\N,1,"2009-05-09 16:49:28"
642,539,5,6,\N,1,"2009-05-09 16:52:45"
643,529,9,10,\N,1,"2009-05-09 16:01:40"
644,530,9,10,\N,1,"2009-05-09 16:03:14"
645,531,9,10,\N,0,"2009-05-09 16:06:35"
646,540,12,12,\N,1,"2009-05-09 16:57:17"
647,531,9,10,\N,1,"2009-05-09 16:06:35"
648,541,11,12,\N,1,"2009-05-09 17:00:14"
649,542,11,12,\N,1,"2009-05-09 17:01:00"
650,543,11,12,\N,1,"2009-05-09 17:01:58"
651,544,3,4,\N,1,"2009-05-09 17:06:12"
652,545,5,6,\N,1,"2009-05-09 17:07:19"
653,546,5,6,\N,1,"2009-05-09 17:08:35"
654,547,5,6,\N,1,"2009-05-09 17:09:21"
655,548,5,6,\N,1,"2009-05-09 17:10:20"
656,549,5,6,\N,1,"2009-05-09 17:11:12"
657,550,7,7.5,\N,1,"2009-05-09 17:14:54"
658,551,7,7.5,\N,1,"2009-05-09 17:16:24"
659,552,7,7.5,\N,1,"2009-05-09 17:17:11"
660,553,7,8,\N,1,"2009-05-09 17:18:19"
661,554,9,10,\N,1,"2009-05-09 17:19:55"
662,555,10,11,\N,1,"2009-05-09 17:20:46"
663,556,7,8,\N,1,"2009-05-09 17:21:37"
664,557,17,18,\N,1,"2009-05-09 17:32:06"
665,558,19,20,\N,1,"2009-05-09 17:32:53"
666,559,12,13,\N,1,"2009-05-09 17:39:50"
667,560,12,13,\N,0,"2009-05-11 15:12:27"
668,561,12,13,\N,0,"2009-05-11 15:13:56"
669,562,9,10,\N,0,"2009-05-11 15:18:26"
670,563,9,9.5,\N,1,"2009-05-11 15:24:30"
671,564,3,4,\N,1,"2009-05-11 15:26:14"
672,565,6,7,\N,1,"2009-05-11 18:04:29"
673,566,3,4,\N,1,"2009-05-11 18:11:49"
674,567,5,6,\N,1,"2009-05-11 18:14:07"
675,568,5,6,\N,1,"2009-05-11 18:16:48"
676,569,5,6,\N,0,"2009-05-11 18:21:57"
677,569,5,6,\N,1,"2009-05-11 18:21:57"
678,570,5,6,\N,1,"2009-05-11 18:28:43"
679,571,5,6,\N,1,"2009-05-11 18:29:59"
680,572,5,6,\N,1,"2009-05-11 18:30:55"
681,573,5,6,\N,1,"2009-05-11 18:32:56"
682,574,11,12,\N,1,"2009-05-11 18:45:59"
683,575,11,12,\N,1,"2009-05-11 18:47:23"
684,576,11,12,\N,1,"2009-05-11 18:48:51"
685,577,7,8,\N,1,"2009-05-11 18:49:51"
686,578,19,20,\N,1,"2009-05-11 18:52:42"
687,579,19,20,\N,0,"2009-05-11 18:58:06"
688,580,19,20,\N,0,"2009-05-11 19:00:33"
689,581,19,20,\N,0,"2009-05-11 19:01:29"
690,582,14,15,\N,1,"2009-05-11 19:07:10"
691,583,14,15,\N,1,"2009-05-11 19:08:25"
692,584,14,15,\N,1,"2009-05-11 19:09:52"
693,585,14,15,\N,1,"2009-05-11 19:11:00"
694,586,14,15,\N,1,"2009-05-11 19:12:40"
695,587,11,12,\N,1,"2009-05-11 19:13:35"
696,588,11,12,\N,1,"2009-05-11 19:14:23"
697,589,11,12,\N,1,"2009-05-11 19:15:33"
698,590,11,12,\N,1,"2009-05-11 19:16:36"
699,591,11,12,\N,1,"2009-05-11 19:17:25"
700,579,19,20,\N,1,"2009-05-11 18:58:06"
701,580,19,20,\N,1,"2009-05-11 19:00:33"
702,581,19,20,\N,1,"2009-05-11 19:01:29"
703,592,14,15,\N,1,"2009-05-12 13:08:16"
704,593,13.3,14,\N,1,"2009-05-12 13:18:20"
705,594,9.7,10.5,\N,1,"2009-05-12 13:19:32"
706,595,13.8,16.5,\N,1,"2009-05-12 13:22:30"
707,596,13.8,16.5,\N,1,"2009-05-12 13:24:18"
708,597,13.8,16.5,\N,1,"2009-05-12 13:28:14"
709,598,9.6,10.5,\N,1,"2009-05-12 13:30:32"
710,599,13.3,14,\N,1,"2009-05-12 13:34:18"
711,600,13.3,14,\N,1,"2009-05-12 13:35:19"
712,601,11.4,12.5,\N,1,"2009-05-12 13:36:31"
713,602,11.4,12.5,\N,1,"2009-05-12 13:37:27"
714,603,17,17.5,\N,1,"2009-05-12 14:00:35"
715,604,17,17.5,\N,1,"2009-05-12 14:01:50"
716,605,17,17.5,\N,1,"2009-05-12 14:04:03"
717,606,17,17.5,\N,1,"2009-05-12 14:07:35"
718,607,17,17.5,\N,1,"2009-05-12 14:08:34"
719,608,9,10,\N,1,"2009-05-12 14:14:09"
720,609,9,10,\N,1,"2009-05-12 14:17:39"
721,610,9,10,\N,1,"2009-05-12 14:20:27"
722,611,12,13,\N,1,"2009-05-12 14:31:10"
723,612,12,13,\N,1,"2009-05-12 14:32:55"
724,613,12,13,\N,1,"2009-05-12 14:50:51"
725,614,12,13,\N,1,"2009-05-12 14:52:31"
726,615,12,13,\N,1,"2009-05-12 14:56:15"
727,616,12,13,\N,1,"2009-05-12 14:57:16"
728,617,17,17.5,\N,1,"2009-05-12 14:58:43"
729,618,17,17.5,\N,1,"2009-05-12 14:59:26"
730,619,6,7,\N,1,"2009-05-12 15:02:45"
731,620,6,7,\N,1,"2009-05-12 15:03:38"
732,621,6,7,\N,1,"2009-05-12 15:05:44"
733,622,3,4,\N,1,"2009-05-12 15:09:40"
734,623,3,4,\N,1,"2009-05-12 15:10:16"
735,624,3,4,\N,1,"2009-05-12 15:10:51"
736,625,3,4,\N,1,"2009-05-12 15:11:53"
737,626,9,10,\N,1,"2009-05-12 15:33:57"
738,627,9,10,\N,1,"2009-05-12 15:34:45"
739,628,9,10,\N,1,"2009-05-12 15:35:29"
740,629,10,11,\N,1,"2009-05-12 15:37:06"
741,630,19,20,\N,1,"2009-05-12 15:38:25"
742,631,19,20,\N,1,"2009-05-12 15:39:23"
743,632,19,20,\N,1,"2009-05-12 15:40:43"
744,633,6,7,\N,1,"2009-05-12 16:00:04"
745,634,7,7.5,\N,1,"2009-05-12 16:07:12"
746,635,7,7.5,\N,1,"2009-05-12 16:20:28"
747,636,7,7.5,\N,1,"2009-05-12 16:23:06"
748,637,7,7.5,\N,1,"2009-05-12 16:24:20"
749,638,6,6.5,\N,1,"2009-05-12 16:25:10"
750,639,6,6.5,\N,1,"2009-05-12 16:26:29"
751,640,6,6.5,\N,1,"2009-05-12 16:28:33"
752,641,6,6.5,\N,1,"2009-05-12 16:29:28"
753,642,6,6.5,\N,1,"2009-05-12 16:30:07"
754,643,6,6.5,\N,1,"2009-05-12 16:30:46"
755,644,6,6.5,\N,1,"2009-05-12 16:31:44"
756,645,5,6,\N,1,"2009-05-12 16:49:07"
757,646,5,6,\N,1,"2009-05-12 17:36:00"
758,647,5,6,\N,1,"2009-05-12 17:36:57"
759,648,5,6,\N,0,"2009-05-12 17:38:35"
760,649,7,8,\N,0,"2009-05-12 17:40:30"
761,650,7,8,\N,1,"2009-05-12 17:42:48"
762,651,7,8,\N,1,"2009-05-12 17:43:49"
763,652,6,7,\N,1,"2009-05-12 17:44:52"
764,653,7,7.5,\N,1,"2009-05-12 17:47:10"
765,649,7,8,\N,1,"2009-05-12 17:40:30"
766,648,4,5,\N,1,"2009-05-12 17:38:35"
767,654,6,7,\N,1,"2009-05-12 17:56:43"
768,655,4,5,\N,1,"2009-05-12 17:58:32"
769,656,4,5,\N,1,"2009-05-12 17:59:48"
770,657,4,5,\N,1,"2009-05-12 18:01:35"
771,658,4,5,\N,1,"2009-05-12 18:02:55"
772,659,4,5,\N,0,"2009-05-12 18:04:05"
773,660,4,5,\N,1,"2009-05-12 18:05:07"
774,659,4,5,\N,1,"2009-05-12 18:04:05"
775,661,4,5,\N,1,"2009-05-12 18:06:17"
776,662,4,5,\N,1,"2009-05-12 18:07:02"
777,663,4,5,\N,1,"2009-05-12 18:08:19"
778,664,4,5,\N,1,"2009-05-12 18:08:54"
779,665,4,4.5,\N,1,"2009-05-12 18:12:23"
780,666,4,4.5,\N,1,"2009-05-12 18:13:42"
781,667,4,4.5,\N,1,"2009-05-12 18:14:31"
782,668,3,3.5,\N,1,"2009-05-12 18:16:28"
783,669,3,3.5,\N,1,"2009-05-12 18:17:20"
784,670,3,3.5,\N,1,"2009-05-12 18:18:09"
785,671,3,3.5,\N,1,"2009-05-12 18:19:01"
786,672,9,10,\N,1,"2009-05-12 18:22:45"
787,673,9,10,\N,1,"2009-05-12 18:23:28"
788,674,9,10,\N,1,"2009-05-12 18:24:02"
789,675,9,10,\N,1,"2009-05-12 18:24:39"
790,676,9,10,\N,1,"2009-05-12 18:26:16"
791,677,9,10,\N,1,"2009-05-12 18:27:20"
792,678,7,7.5,\N,1,"2009-05-12 18:36:21"
793,679,15,16,\N,1,"2009-05-12 18:37:34"
794,680,13,13.5,\N,0,"2009-05-13 14:41:53"
795,680,13,13.5,\N,1,"2009-05-13 14:41:53"
796,681,9,10,\N,1,"2009-05-13 14:45:25"
797,682,15,15.5,\N,1,"2009-05-13 15:15:42"
798,683,14,15,\N,1,"2009-05-14 17:18:35"
799,684,32,33,\N,1,"2009-05-14 17:22:10"
800,685,38,38.5,\N,1,"2009-05-14 17:23:40"
801,686,25,26,\N,1,"2009-05-14 17:25:19"
802,687,19,20,\N,1,"2009-05-14 17:27:52"
803,688,13,14,\N,1,"2009-05-14 17:29:08"
804,689,5,6,\N,0,"2009-05-14 17:46:30"
805,690,5,6,\N,1,"2009-05-14 17:47:48"
806,691,5,6,\N,0,"2009-05-14 17:49:32"
807,692,5,6,\N,1,"2009-05-14 17:50:47"
808,693,5,6,\N,1,"2009-05-14 17:52:09"
809,689,5,6,\N,1,"2009-05-14 17:46:30"
810,691,5,6,\N,1,"2009-05-14 17:49:32"
811,694,4,4.5,\N,1,"2009-05-14 17:58:13"
812,695,4,4.5,\N,1,"2009-05-14 18:00:15"
813,696,4,4.5,\N,1,"2009-05-14 18:01:42"
814,697,4,4.5,\N,1,"2009-05-14 18:02:45"
815,698,4,5,\N,1,"2009-05-14 18:04:42"
816,699,4,5,\N,1,"2009-05-14 18:08:30"
817,700,4,5,\N,1,"2009-05-14 18:10:46"
818,701,12,13,\N,1,"2009-05-14 18:15:00"
819,702,3,4,\N,1,"2009-05-14 18:19:34"
820,703,3,4,\N,1,"2009-05-14 18:20:54"
821,704,3,4,\N,1,"2009-05-14 18:22:21"
822,705,3,4,\N,1,"2009-05-14 18:25:57"
823,706,3,4,\N,1,"2009-05-14 18:27:08"
824,707,3,4,\N,1,"2009-05-14 18:27:49"
825,708,3,4,\N,1,"2009-05-14 18:32:36"
826,709,3,4,\N,1,"2009-05-14 18:34:18"
827,710,3,4,\N,1,"2009-05-14 18:36:16"
828,711,3,4,\N,1,"2009-05-14 18:37:06"
829,712,3,4,\N,1,"2009-05-14 18:44:14"
830,713,3,4,\N,1,"2009-05-14 18:44:57"
831,714,3,4,\N,1,"2009-05-14 18:45:57"
832,715,3,4,\N,1,"2009-05-14 18:47:10"
833,716,3,4,\N,1,"2009-05-14 18:47:56"
834,717,3,4,\N,1,"2009-05-14 18:48:44"
835,718,3,4,\N,1,"2009-05-14 18:50:13"
836,719,16,17,\N,1,"2009-05-14 18:56:01"
837,720,5,6,\N,1,"2009-05-14 19:05:51"
838,721,11,12,\N,1,"2009-05-14 19:06:44"
839,722,23,24,\N,1,"2009-05-14 19:07:43"
840,723,10,10.5,\N,1,"2009-05-14 19:11:47"
841,724,6,6.5,\N,1,"2009-05-14 19:23:11"
842,725,6,6.5,\N,1,"2009-05-14 19:24:22"
843,726,10,10.5,\N,1,"2009-05-14 19:29:25"
844,727,5,6,\N,1,"2009-05-14 19:35:52"
845,728,7,7.5,\N,1,"2009-05-15 12:46:38"
846,729,7,7.5,\N,1,"2009-05-15 13:58:56"
847,730,7,7.5,\N,1,"2009-05-15 14:01:24"
848,731,7,7.5,\N,1,"2009-05-15 14:28:13"
849,732,5,6,\N,1,"2009-05-15 14:35:06"
850,733,5,6,\N,1,"2009-05-15 14:36:01"
851,734,5,6,\N,1,"2009-05-15 14:37:11"
852,735,13,14,\N,1,"2009-05-15 14:43:56"
853,736,13,14,\N,1,"2009-05-15 14:45:28"
854,737,13,14,\N,1,"2009-05-15 14:47:01"
855,738,13,14,\N,1,"2009-05-15 14:49:23"
856,739,13,14,\N,1,"2009-05-15 14:51:09"
857,740,7,8,\N,1,"2009-05-15 14:53:06"
858,741,7,8,\N,1,"2009-05-15 14:54:23"
859,742,30,36,\N,1,"2009-05-15 14:57:12"
860,743,40,48,\N,1,"2009-05-15 14:58:18"
861,744,6,7,\N,1,"2009-05-15 15:13:13"
862,745,12.3,15,\N,1,"2009-05-15 15:14:59"
863,746,10.7,13,\N,1,"2009-05-15 15:16:25"
864,747,12.3,15,\N,1,"2009-05-15 15:17:30"
865,748,9,10,\N,1,"2009-05-15 15:20:19"
866,749,6.4,8,\N,1,"2009-05-15 15:22:03"
867,750,14.4,18,\N,1,"2009-05-15 15:23:19"
868,751,16.2,20,\N,1,"2009-05-15 16:29:05"
869,752,16.2,20,\N,1,"2009-05-15 16:30:50"
870,753,8.1,10,\N,1,"2009-05-15 16:32:59"
871,754,5.25,6.5,\N,1,"2009-05-15 16:33:58"
872,755,6.5,8,\N,1,"2009-05-15 16:37:15"
873,756,13.75,17,\N,1,"2009-05-15 16:39:56"
874,757,14.55,18,\N,1,"2009-05-15 16:42:25"
875,758,13.75,17,\N,1,"2009-05-15 16:43:56"
876,759,13.75,17,\N,1,"2009-05-15 16:50:05"
877,760,8.9,11,\N,1,"2009-05-15 16:52:59"
878,761,8.9,11,\N,1,"2009-05-15 16:57:18"
879,762,4,5,\N,1,"2009-05-15 17:24:03"
880,763,7.3,9,\N,1,"2009-05-15 17:38:17"
881,764,7.3,9,\N,1,"2009-05-15 17:44:49"
882,765,8.1,10,\N,1,"2009-05-15 17:47:54"
883,766,5.65,7,\N,1,"2009-05-15 17:49:04"
884,767,5.65,7,\N,1,"2009-05-15 17:50:35"
885,768,7,8,\N,1,"2009-05-15 18:42:09"
886,769,2.45,3,\N,1,"2009-05-15 18:43:09"
887,770,4,5,\N,1,"2009-05-15 18:44:06"
888,771,2.8,3.5,\N,1,"2009-05-15 18:45:01"
889,772,5.65,7,\N,1,"2009-05-15 18:47:09"
890,773,4.8,6,\N,1,"2009-05-15 18:48:08"
891,774,14,17.5,\N,1,"2009-05-16 14:53:53"
892,775,99,100,\N,1,"2009-05-16 14:58:52"
893,776,73,74,\N,1,"2009-05-16 15:01:12"
894,777,109,110,\N,1,"2009-05-16 15:03:26"
895,778,73,74,\N,1,"2009-05-16 15:05:45"
896,779,59,60,\N,1,"2009-05-16 15:11:07"
897,780,31,32,\N,1,"2009-05-16 15:13:29"
898,781,107,108,\N,0,"2009-05-16 15:15:11"
899,782,9,10,\N,1,"2009-05-16 15:58:01"
900,783,3,4,\N,1,"2009-05-16 16:05:56"
901,784,5,6,\N,0,"2009-05-18 14:21:14"
902,785,4,5,\N,1,"2009-05-18 14:25:19"
903,784,5,6,\N,1,"2009-05-18 14:21:14"
904,786,2,2.5,\N,1,"2009-05-18 14:27:43"
905,787,2,2.5,\N,1,"2009-05-18 14:28:33"
906,788,2,3,\N,1,"2009-05-18 14:29:59"
907,789,2,3,\N,1,"2009-05-18 14:35:19"
908,790,2,3,\N,1,"2009-05-18 14:36:18"
909,791,2,2.5,\N,1,"2009-05-18 14:37:04"
910,792,7,8,\N,1,"2009-05-18 17:20:34"
911,793,7,8,\N,1,"2009-05-18 18:17:57"
912,794,7,8,\N,1,"2009-05-18 18:19:22"
913,795,9,10,\N,1,"2009-05-18 18:22:21"
914,796,11.5,14,\N,1,"2009-05-19 11:33:52"
915,797,16.4,20,\N,1,"2009-05-19 11:35:10"
916,798,17,18,\N,1,"2009-05-19 11:37:15"
917,799,13.1,16,\N,1,"2009-05-19 11:39:55"
918,800,16.6,20,\N,1,"2009-05-19 11:51:02"
919,801,13,16,\N,1,"2009-05-19 11:52:17"
920,802,5.7,7,\N,1,"2009-05-19 13:49:17"
921,803,10.7,13,\N,1,"2009-05-19 14:20:51"
922,804,10.7,13,\N,1,"2009-05-19 14:22:30"
923,805,9.85,12,\N,1,"2009-05-19 14:23:52"
924,806,8,10,\N,1,"2009-05-19 14:26:09"
925,807,8.8,11,\N,1,"2009-05-19 14:27:13"
926,808,6.4,8,\N,1,"2009-05-19 14:28:12"
927,809,6,7.5,\N,1,"2009-05-19 14:40:41"
928,810,6.4,8,\N,1,"2009-05-19 14:45:44"
929,811,5.2,6.5,\N,1,"2009-05-19 14:47:16"
930,812,5.6,7,\N,1,"2009-05-19 14:56:05"
931,813,5.2,6.5,\N,1,"2009-05-19 14:57:04"
932,814,5,6,\N,1,"2009-05-19 15:03:45"
933,815,4.4,5.5,\N,1,"2009-05-19 15:05:31"
934,816,2.8,3.5,\N,1,"2009-05-19 15:06:49"
935,817,5.7,7,\N,1,"2009-05-19 15:09:22"
936,818,4,5,\N,1,"2009-05-19 15:10:47"
937,819,4,5,\N,1,"2009-05-19 15:13:10"
938,820,1,2,\N,1,"2009-05-19 15:20:21"
939,821,4,5,\N,1,"2009-05-19 16:08:53"
940,822,4,5,\N,1,"2009-05-19 16:22:00"
941,823,4,5,\N,0,"2009-05-19 16:23:39"
942,823,4,5,\N,1,"2009-05-19 16:23:39"
943,824,4,5,\N,0,"2009-05-19 16:25:22"
944,825,4,5,\N,1,"2009-05-19 16:26:37"
945,824,4,5,\N,1,"2009-05-19 16:25:22"
946,826,17.3,21,\N,1,"2009-05-20 16:26:25"
947,827,16.6,20,\N,1,"2009-05-20 16:34:07"
948,828,18.9,23,\N,1,"2009-05-20 16:36:59"
949,829,19.1,23,\N,1,"2009-05-20 16:38:08"
950,830,15.6,19,\N,1,"2009-05-20 16:42:45"
951,831,11.5,14,\N,1,"2009-05-20 16:43:40"
952,832,11.2,14,\N,1,"2009-05-20 16:44:48"
953,833,6,7,\N,1,"2009-05-20 16:46:54"
954,834,6,7,\N,1,"2009-05-20 16:47:45"
955,835,6,7,\N,1,"2009-05-20 16:48:49"
956,836,3.32,4,\N,1,"2009-05-20 16:51:10"
957,837,2.5,3,\N,1,"2009-05-20 16:52:09"
958,838,4,5,\N,1,"2009-05-20 16:52:57"
959,839,4,5,\N,1,"2009-05-20 16:55:55"
960,840,12.45,15,\N,1,"2009-05-20 17:03:45"
961,841,12.45,15,\N,1,"2009-05-20 17:06:04"
962,842,12.45,15,\N,1,"2009-05-20 17:06:54"
963,843,12.45,15,\N,1,"2009-05-20 17:08:22"
964,844,12.45,15,\N,1,"2009-05-20 17:09:09"
965,845,12.45,15,\N,1,"2009-05-20 17:10:16"
966,846,4.98,6,\N,1,"2009-05-21 11:12:04"
967,847,4.98,6,\N,1,"2009-05-21 11:38:43"
968,848,4.15,5,\N,1,"2009-05-21 11:40:13"
969,849,4.98,6,\N,1,"2009-05-21 11:41:15"
970,850,4.98,6,\N,1,"2009-05-21 11:42:30"
971,851,5.81,7,\N,1,"2009-05-21 11:45:02"
972,852,5.81,7,\N,1,"2009-05-21 11:53:21"
973,853,4.98,6,\N,1,"2009-05-21 11:54:11"
974,854,5.81,7,\N,1,"2009-05-21 11:55:25"
975,855,5.81,7,\N,1,"2009-05-21 11:59:05"
976,856,4,5,\N,1,"2009-05-22 12:50:14"
977,857,4,5,\N,1,"2009-05-22 12:52:15"
978,858,4,5,\N,1,"2009-05-22 12:58:13"
979,859,4,5,\N,1,"2009-05-22 13:04:03"
980,860,5,6,\N,0,"2009-05-22 13:26:24"
981,860,5,6,\N,1,"2009-05-22 13:26:24"
982,861,4,5,\N,1,"2009-05-22 13:54:12"
983,862,4,5,\N,1,"2009-05-22 14:00:07"
984,863,4,5,\N,1,"2009-05-22 14:01:01"
985,864,4,5,\N,1,"2009-05-22 14:01:43"
986,865,2.5,3,\N,1,"2009-05-22 14:05:20"
987,866,4.8,6,\N,1,"2009-05-22 14:06:30"
988,867,4.8,6,\N,1,"2009-05-22 14:07:32"
989,868,4.8,6,\N,1,"2009-05-22 14:09:47"
990,869,4.8,6,\N,1,"2009-05-22 14:15:25"
991,870,4.8,6,\N,1,"2009-05-22 14:16:47"
992,871,7,8,\N,1,"2009-05-22 15:32:08"
993,872,7,8,\N,1,"2009-05-22 15:33:44"
994,873,4,5,\N,1,"2009-05-22 15:36:23"
995,874,5.6,7,\N,1,"2009-05-22 15:38:25"
996,875,7.2,9,\N,1,"2009-05-22 15:39:26"
997,876,0.5,1,\N,1,"2009-05-22 15:44:37"
998,877,12.45,15,\N,1,"2009-05-22 15:46:22"
999,878,12.45,15,\N,1,"2009-05-22 15:47:47"
1000,879,12.45,15,\N,1,"2009-05-22 15:48:59"
1001,880,2,3,\N,0,"2009-05-22 15:50:17"
1002,880,4.14,5,\N,0,"2009-05-22 15:50:17"
1003,881,6,7,\N,1,"2009-05-22 15:53:17"
1004,882,1.66,2,\N,1,"2009-05-22 15:55:28"
1005,883,1.66,2,\N,1,"2009-05-22 15:57:42"
1006,884,4.14,5,\N,1,"2009-05-22 15:59:25"
1007,885,4.14,5,\N,1,"2009-05-22 16:01:11"
1008,880,4.14,5,\N,1,"2009-05-22 15:50:17"
1009,886,6.62,8,\N,1,"2009-05-22 16:09:44"
1010,887,10.79,13,\N,0,"2009-05-22 16:16:04"
1011,888,10,13,\N,1,"2009-05-22 16:17:49"
1012,889,6,7,\N,1,"2009-05-22 16:19:23"
1013,887,10.79,13,\N,1,"2009-05-22 16:16:04"
1014,890,4.45,5,\N,1,"2009-05-22 16:22:52"
1015,891,5.79,7,\N,1,"2009-05-22 16:25:33"
1016,892,6.85,8,\N,1,"2009-05-22 16:27:25"
1017,893,9.5,11,\N,1,"2009-05-22 16:30:54"
1018,894,4.55,5.5,\N,1,"2009-05-22 16:34:51"
1019,895,8.3,10,\N,1,"2009-05-22 16:47:30"
1020,896,4.98,6,\N,1,"2009-05-22 16:50:32"
1021,897,4.98,6,\N,1,"2009-05-22 16:53:48"
1022,898,4.98,6,\N,1,"2009-05-22 16:55:19"
1023,899,3,3.5,\N,1,"2009-05-22 17:22:16"
1024,900,4,4.5,\N,1,"2009-05-22 17:25:43"
1025,901,7,8,\N,1,"2009-05-22 17:30:09"
1026,902,3.25,4,\N,1,"2009-05-23 11:44:31"
1027,903,3.25,4,\N,1,"2009-05-23 11:47:12"
1028,904,3.25,4.4,\N,0,"2009-05-23 11:49:22"
1029,904,3.25,4,\N,1,"2009-05-23 11:49:22"
1030,905,3.25,4,\N,1,"2009-05-23 11:52:09"
1031,906,2.85,3.5,\N,0,"2009-05-23 11:53:58"
1032,907,2.4,3,\N,1,"2009-05-23 12:08:02"
1033,908,2.85,3.5,\N,1,"2009-05-23 12:10:41"
1034,906,2.85,3.5,\N,1,"2009-05-23 11:53:58"
1035,909,3.25,4,\N,1,"2009-05-23 12:26:10"
1036,910,5,6,\N,1,"2009-05-23 12:32:52"
1037,911,11.2,14,\N,1,"2009-05-23 16:18:15"
1038,912,13.6,17,\N,1,"2009-05-23 16:19:40"
1039,913,8,10,\N,0,"2009-05-23 16:20:39"
1040,914,13,15,\N,1,"2009-05-23 16:23:16"
1041,915,9.6,12,\N,1,"2009-05-23 16:24:42"
1042,916,12.8,16,\N,1,"2009-05-23 16:25:52"
1043,913,8,10,\N,1,"2009-05-23 16:20:39"
1044,917,4,5,\N,1,"2009-05-23 17:46:59"
1045,918,4,5,\N,1,"2009-05-23 17:48:01"
1046,919,4,5,\N,1,"2009-05-23 17:49:07"
1047,920,4,5,\N,1,"2009-05-23 17:50:07"
1048,921,3,4,\N,1,"2009-05-23 18:13:39"
1049,922,3,3.5,\N,1,"2009-05-23 18:16:07"
1050,923,3,3.5,\N,1,"2009-05-23 18:21:42"
1051,924,3,3.5,\N,1,"2009-05-23 18:37:12"
1052,925,3,3.5,\N,1,"2009-05-23 18:38:57"
1053,926,3,3.5,\N,1,"2009-05-23 18:39:59"
1054,927,3,3.5,\N,1,"2009-05-23 18:41:15"
1055,928,3.5,4,\N,1,"2009-05-23 18:43:18"
1056,929,3.5,4,\N,1,"2009-05-23 18:44:14"
1057,930,3.5,4,\N,1,"2009-05-23 18:45:07"
1058,931,3.5,4,\N,1,"2009-05-23 18:46:59"
1059,932,3.5,4,\N,1,"2009-05-23 18:50:04"
1060,933,3.5,4,\N,1,"2009-05-23 18:51:04"
1061,934,3.5,4,\N,1,"2009-05-23 18:51:50"
1062,935,13,15,\N,1,"2009-05-23 18:58:23"
1063,936,13,15,\N,1,"2009-05-23 18:59:49"
1064,937,13,15,\N,0,"2009-05-23 19:01:09"
1065,938,13,15,\N,1,"2009-05-23 19:02:40"
1066,937,13,15,\N,1,"2009-05-23 19:01:09"
1067,939,5,6,\N,1,"2009-05-25 12:34:24"
1068,940,5,6,\N,1,"2009-05-25 12:44:44"
1069,941,5,6,\N,1,"2009-05-25 12:48:31"
1070,942,5,6,\N,1,"2009-05-25 13:53:03"
1071,943,5,6,\N,1,"2009-05-25 14:27:11"
1072,944,5,6,\N,1,"2009-05-25 14:28:19"
1073,945,5,6,\N,1,"2009-05-25 14:29:32"
1074,946,5,6,\N,1,"2009-05-25 14:30:55"
1075,947,5,5.5,\N,1,"2009-05-25 15:13:14"
1076,948,5,6,\N,1,"2009-05-25 15:17:42"
1077,949,5,5,\N,1,"2009-05-25 15:20:17"
1078,950,3,4,\N,1,"2009-05-25 15:22:45"
1079,951,6,7,\N,1,"2009-05-25 15:28:42"
1080,952,5,6,\N,1,"2009-05-25 15:30:57"
1081,953,5,5.5,\N,1,"2009-05-25 15:32:18"
1082,954,5,5.5,\N,1,"2009-05-25 15:36:12"
1083,955,4,5,\N,1,"2009-05-25 15:41:14"
1084,956,4,5,\N,1,"2009-05-25 15:43:15"
1085,957,6,6.5,\N,1,"2009-05-25 15:44:31"
1086,958,5,6,\N,1,"2009-05-25 15:49:25"
1087,959,5,6,\N,1,"2009-05-25 15:53:16"
1088,960,4,5,\N,1,"2009-05-25 15:58:52"
1089,961,15,16,\N,1,"2009-05-25 16:26:48"
1090,962,13,14,\N,1,"2009-05-25 16:27:50"
1091,963,9,10,\N,0,"2009-05-26 16:03:54"
1092,963,9,10,\N,1,"2009-05-26 16:03:54"
1093,964,4,4,\N,1,"2009-05-26 16:27:04"
1094,965,4,5,\N,1,"2009-05-26 16:28:28"
1095,966,4,5,\N,1,"2009-05-26 16:29:53"
1096,967,4,5,\N,1,"2009-05-26 16:46:16"
1097,968,4,5,\N,1,"2009-05-26 17:14:23"
1098,969,3,4,\N,1,"2009-05-26 17:16:38"
1099,970,4,5,\N,1,"2009-05-26 17:22:40"
1100,971,4,5,\N,1,"2009-05-26 17:28:52"
1101,972,9,10,\N,1,"2009-05-26 17:29:48"
1102,973,9,10,\N,1,"2009-05-26 17:30:27"
1103,974,4,5,\N,1,"2009-05-26 17:31:41"
1104,975,9,10,\N,1,"2009-05-26 17:33:06"
1105,976,4,5,\N,1,"2009-05-26 17:34:05"
1106,977,4,5,\N,1,"2009-05-26 17:34:56"
1107,978,4,5,\N,1,"2009-05-26 17:36:10"
1108,979,23,23.5,\N,1,"2009-05-26 18:17:44"
1109,337,4,5,\N,1,"2009-05-05 16:41:58"
1110,163,18,18.5,\N,1,"2009-04-29 19:48:28"
1111,164,13,13.5,\N,1,"2009-04-29 19:50:50"
1112,165,10,11,\N,1,"2009-04-29 19:53:00"
1113,166,10,11,\N,1,"2009-04-29 19:55:17"
1114,167,13,14,\N,1,"2009-04-29 19:56:28"
1115,168,13,14,\N,1,"2009-04-29 19:57:57"
1116,131,10,11,\N,1,"2009-04-29 13:33:34"
1117,560,12,14,\N,1,"2009-05-11 15:12:27"
1118,562,9,11,\N,1,"2009-05-11 15:18:26"
1119,561,12,14,\N,1,"2009-05-11 15:13:56"
1120,980,5,6,\N,1,"2009-05-27 15:32:51"
1121,981,4,5,\N,1,"2009-05-27 15:44:06"
1122,982,20,20,\N,1,"2009-05-28 16:19:11"
1123,983,23,24,\N,1,"2009-05-28 16:50:14"
1124,984,22,24,\N,0,"2009-05-28 16:52:06"
1125,985,23,24,\N,1,"2009-05-28 16:53:37"
1126,984,22,24,\N,1,"2009-05-28 16:52:06"
1127,986,10,11,\N,1,"2009-05-28 17:29:38"
1128,987,14,15,\N,1,"2009-05-28 18:28:18"
1129,988,14,15,\N,1,"2009-05-28 18:29:53"
1130,989,18,19,\N,1,"2009-05-28 18:31:47"
1131,990,18,19,\N,1,"2009-05-28 18:32:47"
1132,991,16,17,\N,1,"2009-05-28 18:34:03"
1133,992,15,16,\N,1,"2009-05-28 18:37:55"
1134,993,7,8,\N,1,"2009-05-28 18:39:52"
1135,994,7,8,\N,1,"2009-05-28 18:41:12"
1136,995,9,10,\N,1,"2009-05-28 18:46:58"
1137,996,5,6,\N,1,"2009-05-28 18:48:22"
1138,997,5,6,\N,1,"2009-05-28 18:49:46"
1139,998,7,8,\N,1,"2009-05-28 18:51:07"
1140,999,7,8,\N,1,"2009-05-28 18:52:31"
1141,1000,14,15,\N,1,"2009-05-28 19:00:34"
1142,1001,14,15,\N,1,"2009-05-28 19:02:15"
1143,1002,2,2.5,\N,1,"2009-05-28 19:03:25"
1144,1003,3,3.5,\N,1,"2009-05-28 19:05:44"
1145,1004,3,3.5,\N,1,"2009-05-28 19:06:58"
1146,1005,4,5,\N,1,"2009-05-28 19:11:52"
1147,1006,5,6,\N,1,"2009-06-01 15:23:35"
1148,1007,4,5,\N,1,"2009-06-01 15:25:04"
1149,1008,4,5,\N,0,"2009-06-01 15:26:02"
1150,1009,4,5,\N,0,"2009-06-01 15:34:49"
1151,1008,5,6,\N,1,"2009-06-01 15:26:02"
1152,1009,5,6,\N,1,"2009-06-01 15:34:49"
1153,1010,5,6,\N,1,"2009-06-01 15:38:17"
1154,1011,5,6,\N,1,"2009-06-01 15:39:51"
1155,1012,5,6,\N,1,"2009-06-01 15:40:56"
1156,1013,5,6,\N,1,"2009-06-01 15:42:01"
1157,1014,5,6,\N,1,"2009-06-01 15:42:51"
1158,1015,2,2,\N,1,"2009-06-01 15:44:21"
1159,1016,3,3.5,\N,1,"2009-06-01 15:51:20"
1160,1017,4,5,\N,1,"2009-06-01 16:03:28"
1161,1018,4,5,\N,1,"2009-06-01 16:04:31"
1162,1019,4,5,\N,1,"2009-06-01 16:06:43"
1163,1020,4,5,\N,1,"2009-06-01 16:07:37"
1164,1021,4,5,\N,1,"2009-06-01 16:08:31"
1165,1022,4,5,\N,1,"2009-06-02 13:02:23"
1166,1023,3,3.5,\N,1,"2009-06-02 13:32:23"
1167,1024,7,8,\N,1,"2009-06-02 16:08:19"
1168,1025,7,8,\N,1,"2009-06-02 16:18:58"
1169,1026,5,6,\N,1,"2009-06-02 16:34:47"
1170,1027,5,6,\N,1,"2009-06-02 16:35:53"
1171,1028,4,5,\N,1,"2009-06-02 16:36:56"
1172,1029,4,5,\N,1,"2009-06-02 16:37:48"
1173,1030,4,5,\N,1,"2009-06-02 17:21:16"
1174,1031,4,5,\N,1,"2009-06-02 17:22:08"
1175,1032,4,5,\N,1,"2009-06-02 17:23:10"
1176,1033,4,5,\N,1,"2009-06-02 17:25:03"
1177,1034,4,6,\N,1,"2009-06-02 17:26:04"
1178,1035,4,5,\N,1,"2009-06-02 18:05:09"
1179,1036,4,5,\N,1,"2009-06-02 18:06:57"
1180,1037,4,5,\N,1,"2009-06-02 18:07:41"
1181,1038,4,5,\N,1,"2009-06-02 18:08:33"
1182,1039,4,5,\N,1,"2009-06-02 18:09:34"
1183,1040,4,5,\N,1,"2009-06-02 18:10:25"
1184,1041,4,5,\N,1,"2009-06-02 18:11:34"
1185,1042,3,4,\N,1,"2009-06-02 18:12:28"
1186,781,107,110,\N,1,"2009-05-16 15:15:11"
